question,finetunedModelAnswer,baseModelAnswer,finetunedModeAnswerScore,baseModelAnswerAnswerScore
Rewrite this sentence using a pronoun to replace the noun.,"It jumped onto the couch.
  
  The pronoun ""It"" was used to replace the noun ""cat"". By changing the word to pronoun, the original sentence is still grammatically correct and flows well. In the answer above, the subject is the pronoun ""It"" and the object is the noun ""couch"", making it a complete sentence.","The went onto the couch. 
  
  For the prompt above, the correct answer is 
  They went onto the couch. 
  Pronouns are used in place of a noun in a sentence to save on words and to provide more concise writing. In this case, the pronoun “they” effectively replaces the noun “cat”. This is an example of using pronouns to make the sentences shorter and more efficient. 
  Pronouns are used to replace nouns in a sentence, making it easier to write short and concise sentences. 
  Yes, that is correct! The pronoun “they” is being used in place of the noun “cat”, which is a great example of how to save on words and write more efficiently. 
  That is correct. Pronouns are used to replace nouns in a sentence, in this case the pronoun “they” has been used to replace the noun “cat” in the sentence. This is an effective way to save space and make it easy for the reader to understand the sentence. 
  If you can, I would recommend trying to rearrange the sentence such that the noun is not as long as it is in this case. That way, the pronoun can replace “cat” without requiring as much space. For example, you can rephrase the sentence as “The jumped onto the couch”. That way the pronoun “they” can replace the more concise version of “cat”, “cat jumped”, rather than having to fit the word “cat” into the sentence. This will make the sentence more efficient and easier for the reader to understand. 
  Yes, this would be accurate.",5,3
Generate a unique philosophical question about human life.,"Why is human life meaningful in an otherwise meaningless universe? 
  Human life has both meaning and purpose despite the perceived futility in the universe.

  Human life is meaningful because of our capacity for love, empathy, and understanding.

  Human life is meaningful because it is an opportunity to make a positive difference in the world.

  Human life is meaningful because it provides a chance to appreciate beauty and to pursue creative endeavors.

  Ultimately, human life is meaningful because we are capable of making conscious decisions to create and live our own meaningful lives. 
  Therefore, despite the larger universe, human life can have meaning. 
Ultimately, it is up to us to find that meaning. 
  Meaning can be found in the simple act of living a life of integrity and purpose, and in the pursuit of our individual passions and aspirations. 
  Human life is a unique opportunity to seek out and create that meaning in the world. 
  The way we each do this is up to us, but it is a privilege that we all possess. 
  That is why human life is a meaningful pursuit in an otherwise meaningless universe. 
  It is in the search that we find our purpose and our place in the world. 
  Our lives are the only ones we have, and it is up to us to make them meaningful. 
Life is an art, an act of creation.  
We must paint our lives with purpose, and add to the canvas of the world. 
We must be the authors of our own narratives, striving to live our lives with the same determination and passion as writers strive to create their works.  
May we make our lives meaningful, even in an otherwise meaningless universe.","What is the true purpose of human life when it comes to our actions and choices? 
  The above answer is an example of a unique philosophical question about human life.  This particular question invites discussion about the purpose of human life and its relationship to the choices and actions that humans take. It is open to many interpretations and encourages people to reflect on what the purpose of human life might be. Overall, the unique philosophical question is thought-provoking and encourages people to question their own beliefs and values.",2,3
"I had “deposited” money with Pritchard so can I expect £85,000 compensation from FSCS?","It's extremely unlikely - you will have done nothing wrong in your own eyes. 

   You have to go back to what the money was used for - they couldn't buy the property for you - so you have lost the interest and it's possible that the builder won't be happy.

   I'm a bit surprised that they did this - but I guess the property market is slow - and he needed the money to use elsewhere. I guess the builder is doing the building work, which is why he's doing it at all. 

   The compensation is for losses of money - you've just swapped one for another. If the builder hasn't done the construction, you've lost money. But if the builder has - your cash is in his bank account, and will be until he wants, it. 

   You also didn't specify whether this is a deposit for sale or construction - the latter means there will have been a lot of costs such as planning permission and building permission - which he may have to recoup.  That on its own makes the cash at risk - and in the event that he needs cash (because you are a few days late in paying), I can see it going into his own pocket.  That's not a loss of the money, just the nature of business.  If you ask the FCA, they will be extremely happy about this - as you've not lost anything. If you ask you solicitor, they will ask what the cash was for. 

   You will still be able to buy the house from the builder, but you'll be paying in cash. And it will take a bit longer before you get the keys, as a result of the cash payment. The builder could take the cash and use it to finance other projects (incurring interest), and then sell them for more.","Pritchard's depositors can't seek FSCS compensation.  Pritchard's assets are the property of the Crown and, in effect, are assets for the benefit of the depositors.  Those with a claim on assets can't expect compensation. FSCS compensation is available when a member cannot pay compensation.   The scheme members have made claims in this instance, but Pritchards assets were used to pay them.  If there were depositors who could not be paid, no compensation was necessary and thus no compensation would be available to them. This is an oversimplification: there are complex legal principles underlying this.  Nonetheless, your claim is a claim for unpaid compensation and compensation was paid, so your claim is satisfied.  My answer is from the UK, but the principles it is based on apply internationally. I should add that your claim is invalid.  You did not make any funds available to an active member, just to members who would cease to be members when the scheme failed.  You have no right that Pritchard should have had a viable business, and there is no obligation that the scheme compensate you.  No member lost any money due to the scheme.  Members are the beneficiaries of the liquidation of the non-viable entities which would otherwise have failed. They only receive what is paid after the liquidation expenses, the creditors are paid in full.  The investors receive a profit equal to the residual value of the assets.  That profit will generally all come from the liquidation because liquidation expenses are usually low. In any event, your claim is invalid and your question is unrelated to FSCS.
  Pritchard depositors can't seek FSCS compensation. Pritchard's assets are the property of the Crown and, in effect, are assets for the benefit of the depositors.",2,3
Looking into investment bonds for the first time- what do I need to be aware of?,"If the investment pays taxable income, you will have two separate tax returns: one for the trusts and one for the beneficiaries. This can be a bit complicated, and the bond would likely generate a K-1 which would need to be filed. There would be other additional things to be aware of if the trust owns any real estate or has foreign holdings.  The investments can be any type of bonds (government or corporates, Treasury, corporate, muni). Typically, however, since life insurance policies are often not tax-efficient investments, the investments are often more risky. In the situation I am thinking of, I see this more often in life insurance policies, but I am not claiming this is always the case. The trustee would be responsible for investing the funds.  You cannot generally make the trust ""spend"" its funds on you: you will be reimbursed for your tuition, health insurance, or living expenses that were paid for out of the trusts' funds. Of course, you would incur the taxes on any gains.  It is quite possible for a trust to be a trust which benefits you, and yet to be beneficial to you. The trust can own life insurance policies for which you would be the owner for tax purposes, and in the case of your death, the benefits would be available to you under the terms of the trust. The trust could also own taxable investments that would generate capital gains, and the tax could potentially come out of the trust. The distributions of taxable income could also be paid to you directly (perhaps in exchange for your forgiving the loan). This would allow the trust to avoid any taxes on it until the distribution of capital gain or income.  You're on the right track in terms of figuring out the timing and taxability of the different assets that make up this structure, but you have some additional issues to consider.","You also need to be aware of what can happen, when you sell your investment. It is easy to forget that you will have to pay a brokerage fee when you sell your position; if you have a gain and you sell it when the market is lower than when you bought it, your broker will sell at the last executed market price that day, and the last executed market price will be lower than the market price when you bought as a whole. I can imagine that might confuse a beginner. That is really nothing special, but it is something you should become aware of and not forget about. Another thing to watch out for for bonds is that they generally will pay you interest each year, unless there is a specific reason for it to be lower than usual. An example is when the US changes the interest rate for their debt, which will usually lower your current bond price, but you will get the higher yield from then on. This is called interest rate risk. You can mitigate the risk by buying governmental bonds, but there is no guarantee that you will never get your money back if you buy government bonds. I think that's the thing that most beginners would want to know about in your example.",2,2
